0,2016-10-01-1,0.118425928,0.080617098
1,2016-10-01-2,0.047918864,0.007887716
2,2016-10-01-3,0.049389925,0.008699687
3,2016-10-01-4,0.049162034,0.008583691
4,2016-10-01-5,0.066658631,0.016007424
5,2016-10-01-6,0.048739463,0.008351699
6,2016-10-01-7,0.219503984,0.290221552
7,2016-10-01-8,0.229999557,0.530796891
8,2016-10-01-9,0.221059248,0.325484283
9,2016-10-01-10,0.220875457,0.320728454
10,2016-10-01-11,0.220761001,0.31806055
11,2016-10-01-12,0.220625907,0.314812667
12,2016-10-01-13,0.221018419,0.324208329
13,2016-10-01-14,0.11252293,0.054054054
14,2016-10-01-15,0.220837921,0.32026447
15,2016-10-01-16,0.232371107,0.588910799
16,2016-10-01-17,0.220215246,0.304605034
17,2016-10-01-18,0.224231839,0.404361443
18,2016-10-01-19,0.20511134,0.246027143
19,2016-10-01-20,0.190758511,0.221784016
20,2016-10-01-21,0.109177545,0.04361443
21,2016-10-01-22,0.219002694,0.283493794
22,2016-10-01-23,0.219303042,0.286277694
23,2016-10-01-24,0.218586028,0.277578007
24,2016-10-02-1,0.071169816,0.018675328
25,2016-10-02-2,0.048652068,0.009395662
26,2016-10-02-3,0.104403973,0.035030739
27,2016-10-02-4,0.057211205,0.013571511
28,2016-10-02-5,0.067803346,0.017283378
29,2016-10-02-6,0.060742132,0.01473147
30,2016-10-02-7,0.22023645,0.304257047
31,2016-10-02-8,0.225536495,0.434752349
32,2016-10-02-9,0.093443535,0.025519081
33,2016-10-02-10,0.110372737,0.046514325
34,2016-10-02-11,0.111466944,0.04860225
35,2016-10-02-12,0.221967593,0.348915439
36,2016-10-02-13,0.186424449,0.216216216
37,2016-10-02-14,0.108004369,0.035262731
38,2016-10-02-15,0.220621869,0.314812667
39,2016-10-02-16,0.107349187,0.032942814
40,2016-10-02-17,0.221627831,0.340679736
41,2016-10-02-18,0.115313388,0.066001624
42,2016-10-02-19,0.11993134,0.084676952
43,2016-10-02-20,0.213634863,0.261222596
44,2016-10-02-21,0.113619514,0.059737849
45,2016-10-02-22,0.220051035,0.299501218
46,2016-10-02-23,0.220345661,0.306924951
47,2016-10-02-24,0.114522196,0.067741561
48,2016-10-03-1,0.075519919,0.018211344
49,2016-10-03-2,0.080213934,0.020067278
50,2016-10-03-3,0.117480502,0.030970885
51,2016-10-03-4,0.07295274,0.017863357
52,2016-10-03-5,0.099861398,0.025983065
53,2016-10-03-6,0.07255242,0.017863357
54,2016-10-03-7,0.228623003,0.538684607
55,2016-10-03-8,0.120955884,0.044774388
56,2016-10-03-9,0.121981144,0.062057766
57,2016-10-03-10,0.201691583,0.24915903
58,2016-10-03-11,0.123132885,0.075977265
59,2016-10-03-12,0.120942928,0.040250551
60,2016-10-03-13,0.221327037,0.351467347
61,2016-10-03-14,0.122257963,0.062753741
62,2016-10-03-15,0.119235381,0.028650969
63,2016-10-03-16,0.186870202,0.218652129
64,2016-10-03-17,0.220546082,0.328152187
65,2016-10-03-18,0.220625907,0.330704095
66,2016-10-03-19,0.230017617,0.571627421
67,2016-10-03-20,0.220560327,0.329080153
68,2016-10-03-21,0.121275097,0.04779028
69,2016-10-03-22,0.121353917,0.050110196
70,2016-10-03-23,0.121822052,0.058925879
71,2016-10-03-24,0.081192531,0.019371303
72,2016-10-04-1,0.060894769,0.011831574
73,2016-10-04-2,0.060086858,0.011599582
74,2016-10-04-3,0.084857829,0.020647257
75,2016-10-04-4,0.05858672,0.011019603
76,2016-10-04-5,0.061043553,0.012295557
77,2016-10-04-6,0.061596807,0.012295557
78,2016-10-04-7,0.223532081,0.41445308
79,2016-10-04-8,0.120925702,0.042338476
80,2016-10-04-9,0.220621869,0.331168078
81,2016-10-04-10,0.220785841,0.335807911
82,2016-10-04-11,0.23123084,0.597842478
83,2016-10-04-12,0.122258082,0.062869737
84,2016-10-04-13,0.192052737,0.229671732
85,2016-10-04-14,0.221750066,0.363414917
86,2016-10-04-15,0.219172761,0.303445076
87,2016-10-04-16,0.126360491,0.086416889
88,2016-10-04-17,0.221599653,0.359703051
89,2016-10-04-18,0.129204541,0.09778448
90,2016-10-04-19,0.219718367,0.31028883
91,2016-10-04-20,0.120778725,0.03723466
92,2016-10-04-21,0.121310733,0.047442292
93,2016-10-04-22,0.120883331,0.039670572
94,2016-10-04-23,0.219314367,0.304489038
95,2016-10-04-24,0.227855459,0.523025171
96,2016-10-05-1,0.086686432,0.020299269
97,2016-10-05-2,0.059090491,0.010439624
98,2016-10-05-3,0.055715453,0.009047674
99,2016-10-05-4,0.126748189,0.092680663
100,2016-10-05-5,0.120561577,0.034334764
101,2016-10-05-6,0.122102492,0.063565712
102,2016-10-05-7,0.219082564,0.301009164
103,2016-10-05-8,0.227155268,0.506901752
104,2016-10-05-9,0.220318556,0.322584387
105,2016-10-05-10,0.120212018,0.032130843
106,2016-10-05-11,0.120756857,0.036886672
107,2016-10-05-12,0.227242067,0.508293701
108,2016-10-05-13,0.121345855,0.048254263
109,2016-10-05-14,0.088881798,0.020531261
110,2016-10-05-15,0.120695576,0.035610718
111,2016-10-05-16,0.220276251,0.321308433
112,2016-10-05-17,0.1238617,0.080385106
113,2016-10-05-18,0.204816282,0.255422805
114,2016-10-05-19,0.222192317,0.377334416
115,2016-10-05-20,0.22173126,0.3638789
116,2016-10-05-21,0.120955884,0.04222248
117,2016-10-05-22,0.120980561,0.043150447
118,2016-10-05-23,0.219603479,0.308316901
119,2016-10-05-24,0.219960988,0.314696671
120,2016-10-06-1,0.077930704,0.018675328
121,2016-10-06-2,0.076317117,0.017979353
122,2016-10-06-3,0.077472366,0.018211344
123,2016-10-06-4,0.075228944,0.017631365
124,2016-10-06-5,0.104549952,0.025635077
125,2016-10-06-6,0.073704943,0.01693539
126,2016-10-06-7,0.228608251,0.539612574
127,2016-10-06-8,0.220999017,0.342535669
128,2016-10-06-9,0.121589914,0.055214012
129,2016-10-06-10,0.218389183,0.29277346
130,2016-10-06-11,0.217799023,0.286857673
131,2016-10-06-12,0.220666662,0.332908015
132,2016-10-06-13,0.126581341,0.091288714
133,2016-10-06-14,0.066525199,0.013803503
134,2016-10-06-15,0.068712004,0.014499478
135,2016-10-06-16,0.066343382,0.013571511
136,2016-10-06-17,0.068316802,0.014499478
137,2016-10-06-18,0.22139582,0.354019255
138,2016-10-06-19,0.221491665,0.357267138
139,2016-10-06-20,0.123624638,0.081429069
140,2016-10-06-21,0.120913118,0.041642501
141,2016-10-06-22,0.120906293,0.041526505
142,2016-10-06-23,0.085043758,0.020879248
143,2016-10-06-24,0.083105095,0.019951282
144,2016-10-07-1,0.120575674,0.034566756
145,2016-10-07-2,0.075675011,0.017283378
146,2016-10-07-3,0.076668255,0.017631365
147,2016-10-07-4,0.074654549,0.01693539
148,2016-10-07-5,0.105316833,0.025635077
149,2016-10-07-6,0.147085845,0.147198701
150,2016-10-07-7,0.228803873,0.544600394
151,2016-10-07-8,0.219344422,0.30472103
152,2016-10-07-9,0.121278532,0.048834242
153,2016-10-07-10,0.072512113,0.016355411
154,2016-10-07-11,0.072976738,0.016355411
155,2016-10-07-12,0.190401986,0.22665584
156,2016-10-07-13,0.220193639,0.319220508
157,2016-10-07-14,0.217575818,0.285117736
158,2016-10-07-15,0.067052215,0.014151491
159,2016-10-07-16,0.221488506,0.356571163
160,2016-10-07-17,0.190113395,0.226307853
161,2016-10-07-18,0.22075972,0.334415961
162,2016-10-07-19,0.221577719,0.359123072
163,2016-10-07-20,0.22145623,0.355411205
164,2016-10-07-21,0.122726217,0.071569424
165,2016-10-07-22,0.122027263,0.061825774
166,2016-10-07-23,0.121909805,0.060665816
167,2016-10-07-24,0.217777729,0.286161698
168,2016-10-08-1,0.220177144,0.302749101
169,2016-10-08-2,0.053562231,0.010787612
170,2016-10-08-3,0.078110792,0.019487298
171,2016-10-08-4,0.054552384,0.011251595
172,2016-10-08-5,0.077256575,0.019255307
173,2016-10-08-6,0.100006886,0.02749101
174,2016-10-08-7,0.224667057,0.41445308
175,2016-10-08-8,0.220528662,0.311680779
176,2016-10-08-9,0.220318556,0.306460967
177,2016-10-08-10,0.219872952,0.296833314
178,2016-10-08-11,0.220066518,0.300661176
179,2016-10-08-12,0.108836375,0.038974597
180,2016-10-08-13,0.195762753,0.231875652
181,2016-10-08-14,0.205196932,0.24834706
182,2016-10-08-15,0.220066518,0.300777172
183,2016-10-08-16,0.219560519,0.293121448
184,2016-10-08-17,0.222475842,0.361558984
185,2016-10-08-18,0.21044977,0.25693075
186,2016-10-08-19,0.11271812,0.05417005
187,2016-10-08-20,0.114048384,0.061013804
188,2016-10-08-21,0.118257701,0.07945714
189,2016-10-08-22,0.11377348,0.060085837
190,2016-10-08-23,0.110265799,0.044310405
191,2016-10-08-24,0.095030792,0.02609906
192,2016-10-09-1,0.087742776,0.023547152
193,2016-10-09-2,0.089736491,0.024243127
194,2016-10-09-3,0.087182187,0.023779144
195,2016-10-09-4,0.084849872,0.023779144
196,2016-10-09-5,0.096191727,0.028650969
197,2016-10-09-6,0.082296491,0.023663148
198,2016-10-09-7,0.084371284,0.024823106
199,2016-10-09-8,0.226608798,0.458531493
200,2016-10-09-9,0.192325532,0.223523953
201,2016-10-09-10,0.17372568,0.193829022
202,2016-10-09-11,0.109769501,0.041874493
203,2016-10-09-12,0.221863702,0.346247535
204,2016-10-09-13,0.199163765,0.237675444
205,2016-10-09-14,0.190881133,0.223523953
206,2016-10-09-15,0.220599905,0.3138847
207,2016-10-09-16,0.110712811,0.046282334
208,2016-10-09-17,0.221808985,0.344855585
209,2016-10-09-18,0.206003532,0.24834706
210,2016-10-09-19,0.206182003,0.24834706
211,2016-10-09-20,0.11811813,0.079573135
212,2016-10-09-21,0.1359424,0.129335344
213,2016-10-09-22,0.119327381,0.084792947
214,2016-10-09-23,0.048017006,0.009047674
215,2016-10-09-24,0.04761672,0.008815683
216,2016-10-10-1,0.055003874,0.009511658
217,2016-10-10-2,0.0507873,0.007539729
218,2016-10-10-3,0.12290635,0.071917411
219,2016-10-10-4,0.057992738,0.011599582
220,2016-10-10-5,0.06551671,0.015195453
221,2016-10-10-6,0.072147958,0.017863357
222,2016-10-10-7,0.228701994,0.540192553
223,2016-10-10-8,0.22827749,0.530796891
224,2016-10-10-9,0.217866406,0.284073773
225,2016-10-10-10,0.219433978,0.303561072
226,2016-10-10-11,0.071345143,0.016703399
227,2016-10-10-12,0.186195657,0.218072149
228,2016-10-10-13,0.120986447,0.043382438
229,2016-10-10-14,0.06685634,0.014383482
230,2016-10-10-15,0.219021127,0.300197193
231,2016-10-10-16,0.219082564,0.301009164
232,2016-10-10-17,0.221084103,0.345667556
233,2016-10-10-18,0.221352398,0.353207285
234,2016-10-10-19,0.221340016,0.353091289
235,2016-10-10-20,0.121449776,0.053822062
236,2016-10-10-21,0.121353917,0.0527781
237,2016-10-10-22,0.220585942,0.329544136
238,2016-10-10-23,0.220700666,0.333256003
239,2016-10-10-24,0.051985487,0.008235704
240,2016-10-11-1,0.130081579,0.110080037
241,2016-10-11-2,0.050110161,0.007423733
242,2016-10-11-3,0.051274177,0.008119708
243,2016-10-11-4,0.052476585,0.008815683
244,2016-10-11-5,0.122124031,0.059737849
245,2016-10-11-6,0.118002862,0.032710822
246,2016-10-11-7,0.228558898,0.536712678
247,2016-10-11-8,0.120615676,0.037002668
248,2016-10-11-9,0.104476459,0.02749101
249,2016-10-11-10,0.219168872,0.297993272
250,2016-10-11-11,0.220375285,0.323628349
251,2016-10-11-12,0.217618093,0.284769748
252,2016-10-11-13,0.148985684,0.15056258
253,2016-10-11-14,0.120955884,0.041178518
254,2016-10-11-15,0.220107675,0.317596567
255,2016-10-11-16,0.121403262,0.049530217
256,2016-10-11-17,0.22137025,0.353207285
257,2016-10-11-18,0.221084103,0.345435564
258,2016-10-11-19,0.135728687,0.121331632
259,2016-10-11-20,0.122138642,0.064261687
260,2016-10-11-21,0.122204021,0.065189653
261,2016-10-11-22,0.120656356,0.037118664
262,2016-10-11-23,0.120418787,0.033986776
263,2016-10-11-24,0.122607626,0.070757453
264,2016-10-12-1,0.070484281,0.016239415
265,2016-10-12-2,0.081990607,0.020299269
266,2016-10-12-3,0.072836839,0.017399374
267,2016-10-12-4,0.092505679,0.023315161
268,2016-10-12-5,0.097331263,0.024591115
269,2016-10-12-6,0.123005256,0.075513282
270,2016-10-12-7,0.22615099,0.48277462
271,2016-10-12-8,0.220010921,0.314928663
272,2016-10-12-9,0.221340016,0.352975293
273,2016-10-12-10,0.12083526,0.040482543
274,2016-10-12-11,0.120849684,0.039786568
275,2016-10-12-12,0.219633177,0.309128871
276,2016-10-12-13,0.220189527,0.3194525
277,2016-10-12-14,0.221305341,0.350539381
278,2016-10-12-15,0.121579327,0.053358079
279,2016-10-12-16,0.221476808,0.35610718
280,2016-10-12-17,0.222631186,0.38916599
281,2016-10-12-18,0.209934041,0.26528245
282,2016-10-12-19,0.12290635,0.074121332
283,2016-10-12-20,0.210824177,0.266790396
284,2016-10-12-21,0.122124031,0.063913699
285,2016-10-12-22,0.120827906,0.041642501
286,2016-10-12-23,0.079060853,0.019371303
287,2016-10-12-24,0.071644805,0.016819395
288,2016-10-13-1,0.054364569,0.00916367
289,2016-10-13-2,0.054320242,0.009279666
290,2016-10-13-3,0.053061418,0.008583691
291,2016-10-13-4,0.120561719,0.03665468
292,2016-10-13-5,0.097610474,0.025403085
293,2016-10-13-6,0.120107755,0.034334764
294,2016-10-13-7,0.220625669,0.331168078
295,2016-10-13-8,0.227794677,0.52000928
296,2016-10-13-9,0.220297873,0.321076441
297,2016-10-13-10,0.14001222,0.133859181
298,2016-10-13-11,0.219760567,0.310404825
299,2016-10-13-12,0.111520365,0.027375014
300,2016-10-13-13,0.122027263,0.062521749
301,2016-10-13-14,0.136423871,0.123071569
302,2016-10-13-15,0.120948881,0.042106484
303,2016-10-13-16,0.120955884,0.042570467
304,2016-10-13-17,0.124405451,0.085372927
305,2016-10-13-18,0.222475842,0.385338128
306,2016-10-13-19,0.221750066,0.364574875
307,2016-10-13-20,0.121353917,0.05138615
308,2016-10-13-21,0.121598534,0.055909987
309,2016-10-13-22,0.120925702,0.042454472
310,2016-10-13-23,0.218643889,0.295093377
311,2016-10-13-24,0.218062907,0.288481615
312,2016-10-14-1,0.059068635,0.011367591
313,2016-10-14-2,0.056742914,0.010323628
314,2016-10-14-3,0.05696382,0.010323628
315,2016-10-14-4,0.078017779,0.019023315
316,2016-10-14-5,0.124239482,0.087460851
317,2016-10-14-6,0.0743756,0.018095349
318,2016-10-14-7,0.220193639,0.317712562
319,2016-10-14-8,0.196175441,0.23779144
320,2016-10-14-9,0.221031114,0.343231644
321,2016-10-14-10,0.221031114,0.343579631
322,2016-10-14-11,0.123371489,0.07945714
323,2016-10-14-12,0.223191291,0.405173414
324,2016-10-14-13,0.081710167,0.019023315
325,2016-10-14-14,0.122525349,0.06890152
326,2016-10-14-15,0.112220608,0.027143023
327,2016-10-14-16,0.085893899,0.020415265
328,2016-10-14-17,0.09346623,0.022851177
329,2016-10-14-18,0.104062095,0.025519081
330,2016-10-14-19,0.220546082,0.329196149
331,2016-10-14-20,0.122248888,0.065537641
332,2016-10-14-21,0.121371619,0.051734138
333,2016-10-14-22,0.121332072,0.051154158
334,2016-10-14-23,0.119235381,0.031318873
335,2016-10-14-24,0.120472416,0.034218768
336,2016-10-15-1,0.083992012,0.022155202
337,2016-10-15-2,0.088370539,0.023779144
338,2016-10-15-3,0.086500756,0.023083169
339,2016-10-15-4,0.068362437,0.017167382
340,2016-10-15-5,0.065970168,0.016355411
341,2016-10-15-6,0.105990008,0.036538685
342,2016-10-15-7,0.066569887,0.017167382
343,2016-10-15-8,0.225126788,0.42582067
344,2016-10-15-9,0.094119057,0.025751073
345,2016-10-15-10,0.058850899,0.012527549
346,2016-10-15-11,0.052290998,0.009627653
347,2016-10-15-12,0.070480019,0.016355411
348,2016-10-15-13,0.060681537,0.012179562
349,2016-10-15-14,0.121846907,0.089548776
350,2016-10-15-15,0.10551177,0.029346944
351,2016-10-15-16,0.221232265,0.330240111
352,2016-10-15-17,0.232359976,0.587634845
353,2016-10-15-18,0.222889766,0.371766616
354,2016-10-15-19,0.119954936,0.087112864
355,2016-10-15-20,0.11507237,0.066465607
356,2016-10-15-21,0.220345661,0.306924951
357,2016-10-15-22,0.219654918,0.293005452
358,2016-10-15-23,0.068716794,0.017283378
359,2016-10-15-24,0.067308784,0.016819395
360,2016-10-16-1,0.066963226,0.016703399
361,2016-10-16-2,0.1668832,0.182809419
362,2016-10-16-3,0.064246438,0.01693539
363,2016-10-16-4,0.111286998,0.0583459
364,2016-10-16-5,0.08435268,0.024011136
365,2016-10-16-6,0.10875617,0.046746317
366,2016-10-16-7,0.11523924,0.067973553
367,2016-10-16-8,0.231398329,0.559215868
368,2016-10-16-9,0.221909955,0.347059506
369,2016-10-16-10,0.10879676,0.038510614
370,2016-10-16-11,0.220010921,0.300197193
371,2016-10-16-12,0.220201418,0.304141051
372,2016-10-16-13,0.222176522,0.354251247
373,2016-10-16-14,0.220546082,0.312144763
374,2016-10-16-15,0.220314771,0.306692959
375,2016-10-16-16,0.222700268,0.367358775
376,2016-10-16-17,0.116301894,0.070293469
377,2016-10-16-18,0.2252253,0.42721262
378,2016-10-16-19,0.221967593,0.348799443
379,2016-10-16-20,0.114605345,0.063565712
380,2016-10-16-21,0.113146156,0.056837954
381,2016-10-16-22,0.109961867,0.041990488
382,2016-10-16-23,0.054002196,0.010439624
383,2016-10-16-24,0.064051218,0.013919499
384,2016-10-17-1,0.074915364,0.016703399
385,2016-10-17-2,0.056168359,0.009279666
386,2016-10-17-3,0.094750196,0.023199165
387,2016-10-17-4,0.052476585,0.007539729
388,2016-10-17-5,0.074375533,0.017167382
389,2016-10-17-6,0.219785571,0.311680779
390,2016-10-17-7,0.229697198,0.56362371
391,2016-10-17-8,0.175880164,0.19916483
392,2016-10-17-9,0.219560519,0.307852917
393,2016-10-17-10,0.201101959,0.24834706
394,2016-10-17-11,0.123366788,0.076325252
395,2016-10-17-12,0.121113278,0.042918455
396,2016-10-17-13,0.115431495,0.026795035
397,2016-10-17-14,0.115585901,0.027375014
398,2016-10-17-15,0.120709926,0.035146735
399,2016-10-17-16,0.219517305,0.308084909
400,2016-10-17-17,0.218820676,0.298573251
401,2016-10-17-18,0.12205483,0.062057766
402,2016-10-17-19,0.122204021,0.064841666
403,2016-10-17-20,0.12188413,0.060085837
404,2016-10-17-21,0.120986447,0.043730426
405,2016-10-17-22,0.078614309,0.018907319
406,2016-10-17-23,0.086275086,0.021227236
407,2016-10-17-24,0.082350701,0.020067278
408,2016-10-18-1,0.12694031,0.097436492
409,2016-10-18-2,0.111645512,0.028186985
410,2016-10-18-3,0.092967883,0.023431156
411,2016-10-18-4,0.063576855,0.013571511
412,2016-10-18-5,0.112613715,0.028418977
413,2016-10-18-6,0.175229475,0.198120868
414,2016-10-18-7,0.228854135,0.54471639
415,2016-10-18-8,0.121042036,0.045238371
416,2016-10-18-9,0.058909029,0.010903607
417,2016-10-18-10,0.116174355,0.028650969
418,2016-10-18-11,0.072718091,0.016587403
419,2016-10-18-12,0.067239083,0.014383482
420,2016-10-18-13,0.122422859,0.067857557
421,2016-10-18-14,0.069041699,0.015079457
422,2016-10-18-15,0.068826534,0.014847465
423,2016-10-18-16,0.058470022,0.01055562
424,2016-10-18-17,0.121048264,0.044310405
425,2016-10-18-18,0.122336812,0.066697599
426,2016-10-18-19,0.122019283,0.062405753
427,2016-10-18-20,0.20020318,0.246027143
428,2016-10-18-21,0.120728858,0.039322584
429,2016-10-18-22,0.120695576,0.039206589
430,2016-10-18-23,0.078337394,0.019139311
431,2016-10-18-24,0.070596591,0.016703399
432,2016-10-19-1,0.05266203,0.008351699
433,2016-10-19-2,0.052272238,0.008003712
434,2016-10-19-3,0.055003874,0.009395662
435,2016-10-19-4,0.050110161,0.006611762
436,2016-10-19-5,0.064124189,0.013803503
437,2016-10-19-6,0.050325777,0.006727758
438,2016-10-19-7,0.219425991,0.304605034
439,2016-10-19-8,0.220940158,0.341143719
440,2016-10-19-9,0.220585942,0.330124116
441,2016-10-19-10,0.220666662,0.332908015
442,2016-10-19-11,0.22753343,0.515021459
443,2016-10-19-12,0.219747767,0.310868809
444,2016-10-19-13,0.220375285,0.324208329
445,2016-10-19-14,0.122351587,0.067277578
446,2016-10-19-15,0.120615676,0.034798747
447,2016-10-19-16,0.124155045,0.082705023
448,2016-10-19-17,0.222757891,0.393109848
449,2016-10-19-18,0.219815463,0.312028767
450,2016-10-19-19,0.221352398,0.353439276
451,2016-10-19-20,0.123132885,0.076789236
452,2016-10-19-21,0.120963715,0.043382438
453,2016-10-19-22,0.120709926,0.038394618
454,2016-10-19-23,0.073584288,0.017515369
455,2016-10-19-24,0.075926736,0.01832734
456,2016-10-20-1,0.079791091,0.019603294
457,2016-10-20-2,0.057851467,0.011019603
458,2016-10-20-3,0.120955884,0.044658392
459,2016-10-20-4,0.124074094,0.08583691
460,2016-10-20-5,0.05787079,0.010903607
461,2016-10-20-6,0.063832335,0.013687507
462,2016-10-20-7,0.227160126,0.506437768
463,2016-10-20-8,0.190854609,0.22723582
464,2016-10-20-9,0.212627426,0.270154274
465,2016-10-20-10,0.213801831,0.272706183
466,2016-10-20-11,0.08346118,0.020067278
467,2016-10-20-12,0.218961731,0.299269226
468,2016-10-20-13,0.221960112,0.370374667
469,2016-10-20-14,0.221340016,0.353207285
470,2016-10-20-15,0.08230187,0.019371303
471,2016-10-20-16,0.107616171,0.026215056
472,2016-10-20-17,0.220197201,0.319684491
473,2016-10-20-18,0.126360491,0.09360863
474,2016-10-20-19,0.121170774,0.047326296
475,2016-10-20-20,0.198029429,0.241851293
476,2016-10-20-21,0.12319199,0.077485211
477,2016-10-20-22,0.120849684,0.042106484
478,2016-10-20-23,0.073164351,0.017515369
479,2016-10-20-24,0.072756603,0.017515369
480,2016-10-21-1,0.121211186,0.049762209
481,2016-10-21-2,0.067050979,0.015311449
482,2016-10-21-3,0.068800345,0.016007424
483,2016-10-21-4,0.119726859,0.033174806
484,2016-10-21-5,0.094986588,0.024359123
485,2016-10-21-6,0.115685456,0.029926923
486,2016-10-21-7,0.22892344,0.545528361
487,2016-10-21-8,0.121278532,0.050806171
488,2016-10-21-9,0.120986447,0.045702355
489,2016-10-21-10,0.12083526,0.042570467
490,2016-10-21-11,0.149928525,0.15415845
491,2016-10-21-12,0.121572815,0.055214012
492,2016-10-21-13,0.228415787,0.535088737
493,2016-10-21-14,0.121468939,0.053126087
494,2016-10-21-15,0.120114878,0.032362835
495,2016-10-21-16,0.120016061,0.032014847
496,2016-10-21-17,0.154191583,0.1611182
497,2016-10-21-18,0.120906293,0.041526505
498,2016-10-21-19,0.121798262,0.05915787
499,2016-10-21-20,0.120271005,0.033406797
500,2016-10-21-21,0.120271005,0.033638789
501,2016-10-21-22,0.120829925,0.04222248
502,2016-10-21-23,0.120778725,0.041178518
503,2016-10-21-24,0.115540914,0.030390906
504,2016-10-22-1,0.105425864,0.039786568
505,2016-10-22-2,0.097910814,0.031550864
506,2016-10-22-3,0.117875859,0.085720914
507,2016-10-22-4,0.099389859,0.032246839
508,2016-10-22-5,0.099615492,0.032478831
509,2016-10-22-6,0.098815255,0.031782856
510,2016-10-22-7,0.103988476,0.038510614
511,2016-10-22-8,0.101303242,0.035262731
512,2016-10-22-9,0.108204782,0.050690175
513,2016-10-22-10,0.104568027,0.038626609
514,2016-10-22-11,0.10875617,0.046746317
515,2016-10-22-12,0.106567115,0.037002668
516,2016-10-22-13,0.107422613,0.038278622
517,2016-10-22-14,0.107943654,0.036538685
518,2016-10-22-15,0.106305398,0.032942814
519,2016-10-22-16,0.104487337,0.031318873
520,2016-10-22-17,0.105511881,0.033406797
521,2016-10-22-18,0.109191157,0.041526505
522,2016-10-22-19,0.107666813,0.039902564
523,2016-10-22-20,0.117995821,0.07945714
524,2016-10-22-21,0.103390954,0.033754785
525,2016-10-22-22,0.101871505,0.033406797
526,2016-10-22-23,0.09965837,0.031318873
527,2016-10-22-24,0.165315539,0.180141515
528,2016-10-23-1,0.10573373,0.040482543
529,2016-10-23-2,0.097886972,0.030970885
530,2016-10-23-3,0.09737239,0.03166686
531,2016-10-23-4,0.102059692,0.036074701
532,2016-10-23-5,0.099122092,0.033174806
533,2016-10-23-6,0.100408047,0.034334764
534,2016-10-23-7,0.097797893,0.032594827
535,2016-10-23-8,0.098058797,0.032246839
536,2016-10-23-9,0.100012332,0.033406797
537,2016-10-23-10,0.10081213,0.032362835
538,2016-10-23-11,0.122977801,0.097552488
539,2016-10-23-12,0.121707886,0.093492634
540,2016-10-23-13,0.106830284,0.037698643
541,2016-10-23-14,0.107466333,0.03723466
542,2016-10-23-15,0.114490539,0.063913699
543,2016-10-23-16,0.117795952,0.078297181
544,2016-10-23-17,0.102745593,0.031434868
545,2016-10-23-18,0.170962125,0.189769168
546,2016-10-23-19,0.102840982,0.03305881
547,2016-10-23-20,0.102319732,0.032478831
548,2016-10-23-21,0.102737054,0.032942814
549,2016-10-23-22,0.102840982,0.03305881
550,2016-10-23-23,0.101278439,0.032130843
551,2016-10-23-24,0.102122873,0.032246839
552,2016-10-24-1,0.120961353,0.04500638
553,2016-10-24-2,0.119284242,0.032246839
554,2016-10-24-3,0.118847147,0.031434868
555,2016-10-24-4,0.120499313,0.035030739
556,2016-10-24-5,0.121211186,0.049878204
557,2016-10-24-6,0.120561719,0.03665468
558,2016-10-24-7,0.093784131,0.023663148
559,2016-10-24-8,0.120271005,0.033638789
560,2016-10-24-9,0.116250731,0.029694931
561,2016-10-24-10,0.120543405,0.035262731
562,2016-10-24-11,0.120138533,0.032710822
563,2016-10-24-12,0.120160498,0.032710822
564,2016-10-24-13,0.119377986,0.030854889
565,2016-10-24-14,0.120913118,0.041642501
566,2016-10-24-15,0.120575674,0.03445076
567,2016-10-24-16,0.120695703,0.03665468
568,2016-10-24-17,0.121525824,0.054054054
569,2016-10-24-18,0.220911711,0.340679736
570,2016-10-24-19,0.121449776,0.052546108
571,2016-10-24-20,0.122039095,0.062753741
572,2016-10-24-21,0.198384658,0.242547268
573,2016-10-24-22,0.12134812,0.052082125
574,2016-10-24-23,0.10144408,0.025635077
575,2016-10-24-24,0.100952148,0.025519081
576,2016-10-25-1,0.096365526,0.024359123
577,2016-10-25-2,0.070083633,0.016239415
578,2016-10-25-3,0.122617453,0.070989444
579,2016-10-25-4,0.069824204,0.01612342
580,2016-10-25-5,0.091250345,0.022967173
581,2016-10-25-6,0.125204429,0.092332676
582,2016-10-25-7,0.071814828,0.017167382
583,2016-10-25-8,0.106018044,0.027143023
584,2016-10-25-9,0.219901413,0.312260759
585,2016-10-25-10,0.118354328,0.031086881
586,2016-10-25-11,0.121117614,0.046746317
587,2016-10-25-12,0.113648206,0.028070989
588,2016-10-25-13,0.143083826,0.138499014
589,2016-10-25-14,0.096082896,0.023547152
590,2016-10-25-15,0.083093107,0.019603294
591,2016-10-25-16,0.181207001,0.208444496
592,2016-10-25-17,0.220415905,0.325252291
593,2016-10-25-18,0.120800473,0.03943858
594,2016-10-25-19,0.072718091,0.016587403
595,2016-10-25-20,0.053100456,0.007887716
596,2016-10-25-21,0.12588577,0.091868693
597,2016-10-25-22,0.119354874,0.031434868
598,2016-10-25-23,0.120695703,0.037814639
599,2016-10-25-24,0.071345143,0.016703399
600,2016-10-26-1,0.068817697,0.015891428
601,2016-10-26-2,0.092069149,0.023547152
602,2016-10-26-3,0.053311814,0.008351699
603,2016-10-26-4,0.049039237,0.005683795
604,2016-10-26-5,0.077930704,0.018675328
605,2016-10-26-6,0.119533435,0.03166686
606,2016-10-26-7,0.219907016,0.314000696
607,2016-10-26-8,0.12100336,0.044310405
608,2016-10-26-9,0.194315806,0.234543556
609,2016-10-26-10,0.220051035,0.316320612
610,2016-10-26-11,0.120695703,0.03665468
611,2016-10-26-12,0.050208393,0.005683795
612,2016-10-26-13,0.063417286,0.012063566
613,2016-10-26-14,0.127476275,0.090360747
614,2016-10-26-15,0.061033741,0.011019603
615,2016-10-26-16,0.102600418,0.024011136
616,2016-10-26-17,0.092056192,0.021575223
617,2016-10-26-18,0.056967702,0.009395662
618,2016-10-26-19,0.073894948,0.016355411
619,2016-10-26-20,0.219200537,0.302633105
620,2016-10-26-21,0.22076413,0.335807911
621,2016-10-26-22,0.220666662,0.333140007
622,2016-10-26-23,0.120812677,0.039554576
623,2016-10-26-24,0.093001455,0.022735182
624,2016-10-27-1,0.072836876,0.01693539
625,2016-10-27-2,0.050724708,0.006727758
626,2016-10-27-3,0.048637163,0.005683795
627,2016-10-27-4,0.05291371,0.008235704
628,2016-10-27-5,0.063768901,0.013919499
629,2016-10-27-6,0.050519418,0.006843754
630,2016-10-27-7,0.095119424,0.024011136
631,2016-10-27-8,0.069488697,0.016007424
632,2016-10-27-9,0.218309611,0.28998956
633,2016-10-27-10,0.219463557,0.304605034
634,2016-10-27-11,0.122204021,0.064957662
635,2016-10-27-12,0.117104687,0.029694931
636,2016-10-27-13,0.219331414,0.30472103
637,2016-10-27-14,0.104235187,0.024591115
638,2016-10-27-15,0.085052088,0.019487298
639,2016-10-27-16,0.069779843,0.01473147
640,2016-10-27-17,0.223325312,0.408769284
641,2016-10-27-18,0.165808305,0.180953486
642,2016-10-27-19,0.120986447,0.042338476
643,2016-10-27-20,0.117000513,0.028650969
644,2016-10-27-21,0.083093107,0.019603294
645,2016-10-27-22,0.120695703,0.036422689
646,2016-10-27-23,0.18074517,0.207632525
647,2016-10-27-24,0.070383944,0.015427445
648,2016-10-28-1,0.062025387,0.012063566
649,2016-10-28-2,0.058764473,0.01055562
650,2016-10-28-3,0.056598037,0.009627653
651,2016-10-28-4,0.056598037,0.009627653
652,2016-10-28-5,0.072718091,0.016587403
653,2016-10-28-6,0.055896107,0.009395662
654,2016-10-28-7,0.056776445,0.009975641
655,2016-10-28-8,0.21973522,0.310172834
656,2016-10-28-9,0.101222314,0.024823106
657,2016-10-28-10,0.212119013,0.269690291
658,2016-10-28-11,0.122056767,0.061361791
659,2016-10-28-12,0.118854113,0.028766964
660,2016-10-28-13,0.11811813,0.028418977
661,2016-10-28-14,0.05287056,0.006959749
662,2016-10-28-15,0.054829735,0.008003712
663,2016-10-28-16,0.053137768,0.006959749
664,2016-10-28-17,0.06926176,0.014383482
665,2016-10-28-18,0.21888718,0.299269226
666,2016-10-28-19,0.113227956,0.026795035
667,2016-10-28-20,0.120063171,0.031782856
668,2016-10-28-21,0.120022118,0.03166686
669,2016-10-28-22,0.197439998,0.240923327
670,2016-10-28-23,0.16167289,0.173529753
671,2016-10-28-24,0.121353917,0.049066234
672,2016-10-29-1,0.076788716,0.018211344
673,2016-10-29-2,0.051832989,0.009395662
674,2016-10-29-3,0.096518874,0.024939102
675,2016-10-29-4,0.05772081,0.012063566
676,2016-10-29-5,0.117947884,0.078181185
677,2016-10-29-6,0.049342945,0.008119708
678,2016-10-29-7,0.0561019,0.011367591
679,2016-10-29-8,0.053765696,0.010323628
680,2016-10-29-9,0.221514404,0.337315857
681,2016-10-29-10,0.220803365,0.3194525
682,2016-10-29-11,0.176853999,0.200092797
683,2016-10-29-12,0.140350282,0.136759077
684,2016-10-29-13,0.069968067,0.015427445
685,2016-10-29-14,0.219379917,0.290801531
686,2016-10-29-15,0.10355299,0.027375014
687,2016-10-29-16,0.220761001,0.318176546
688,2016-10-29-17,0.221018419,0.324556316
689,2016-10-29-18,0.115386605,0.066697599
690,2016-10-29-19,0.11811813,0.079109152
691,2016-10-29-20,0.113738656,0.060665816
692,2016-10-29-21,0.202869013,0.242315277
693,2016-10-29-22,0.113227956,0.059969841
694,2016-10-29-23,0.112613715,0.057533929
695,2016-10-29-24,0.112799063,0.058229904
696,2016-10-30-1,0.219452992,0.288829602
697,2016-10-30-2,0.219168603,0.284537757
698,2016-10-30-3,0.073826581,0.020299269
699,2016-10-30-4,0.04795735,0.009511658
700,2016-10-30-5,0.065519564,0.017399374
701,2016-10-30-6,0.046725925,0.009047674
702,2016-10-30-7,0.043813244,0.007423733
703,2016-10-30-8,0.045605309,0.008119708
704,2016-10-30-9,0.220989317,0.32304837
705,2016-10-30-10,0.207153767,0.24834706
706,2016-10-30-11,0.110206306,0.053822062
707,2016-10-30-12,0.07868243,0.021227236
708,2016-10-30-13,0.220896617,0.320960445
709,2016-10-30-14,0.21804437,0.272822178
710,2016-10-30-15,0.107573323,0.039670572
711,2016-10-30-16,0.087884814,0.022735182
712,2016-10-30-17,0.220546082,0.312260759
713,2016-10-30-18,0.220785841,0.318872521
714,2016-10-30-19,0.115865029,0.070641457
715,2016-10-30-20,0.221647277,0.340795731
716,2016-10-30-21,0.217945457,0.272706183
717,2016-10-30-22,0.107937574,0.040598538
718,2016-10-30-23,0.109125078,0.043498434
719,2016-10-30-24,0.104932763,0.034218768
720,2016-10-31-1,0.070613682,0.01612342
721,2016-10-31-2,0.071654916,0.016355411
722,2016-10-31-3,0.072211906,0.016703399
723,2016-10-31-4,0.069963634,0.015891428
724,2016-10-31-5,0.107489206,0.027143023
725,2016-10-31-6,0.075519919,0.018211344
726,2016-10-31-7,0.121707886,0.057997912
727,2016-10-31-8,0.110569775,0.028302981
728,2016-10-31-9,0.220127821,0.316552604
729,2016-10-31-10,0.220049053,0.31527665
730,2016-10-31-11,0.189158008,0.223755945
731,2016-10-31-12,0.121837154,0.059621854
732,2016-10-31-13,0.121745519,0.05695395
733,2016-10-31-14,0.228773147,0.544600394
734,2016-10-31-15,0.220907971,0.338939798
735,2016-10-31-16,0.219633177,0.309824846
736,2016-10-31-17,0.121449776,0.049530217
737,2016-10-31-18,0.219425991,0.30611298
738,2016-10-31-19,0.221769243,0.364806867
739,2016-10-31-20,0.121439844,0.052082125
740,2016-10-31-21,0.122383274,0.06750957
741,2016-10-31-22,0.122248888,0.065653636
742,2016-10-31-23,0.200775146,0.247071105
743,2016-10-31-24,0.061747484,0.012759541